City_ID,City,Country,Date,Lat,Lng,Max Temp,Humidity,Cloudiness,Wind Speed
0,Busselton,AU,2022-02-02 23:33:27,-33.65,115.3333,70.05,39,96,16.2
1,Avarua,CK,2022-02-02 23:33:27,-21.2078,-159.775,84.25,79,20,18.41
2,Kodiak,US,2022-02-02 23:33:28,57.79,-152.4072,36.91,93,100,9.22
3,Denpasar,ID,2022-02-02 23:33:28,-8.65,115.2167,76.71,94,20,2.3
4,Rikitea,PF,2022-02-02 23:33:29,-23.1203,-134.9692,78.69,73,100,8.05
5,Oktyabrskiy,RU,2022-02-02 23:33:29,54.4815,53.471,28.74,95,100,14.67
6,Rosarito,MX,2022-02-02 23:33:29,32.3333,-117.0333,68.59,34,0,3.42
7,Augusto Correa,BR,2022-02-02 23:33:30,-1.0217,-46.635,75.04,93,100,3.56
8,Punta Arenas,CL,2022-02-02 23:28:39,-53.15,-70.9167,48.31,71,75,6.91
9,Kinablangan,PH,2022-02-02 23:33:30,7.6947,126.5503,76.51,84,100,1.9
10,Suchiapa,MX,2022-02-02 23:33:04,16.6167,-93.0833,89.92,29,20,9.22
11,Ushuaia,AR,2022-02-02 23:33:31,-54.8,-68.3,44.26,61,75,24.16
12,Lagoa,PT,2022-02-02 23:33:32,39.05,-27.9833,58.03,74,5,7.36
13,Jamestown,US,2022-02-02 23:30:24,42.097,-79.2353,40.32,67,100,1.99
14,Znamenskoye,RU,2022-02-02 23:33:32,57.1281,73.8282,18.52,90,100,8.14
15,Madinat Sittah Uktubar,EG,2022-02-02 23:33:33,29.8167,31.05,59.09,40,18,8.19
16,Qaanaaq,GL,2022-02-02 23:29:26,77.484,-69.3632,-13.7,83,100,6.87
17,Hami,CN,2022-02-02 23:33:33,42.8,93.45,21.31,36,8,2.95
18,Geraldton,AU,2022-02-02 23:31:09,-28.7667,114.6,86.41,16,0,28.77
19,Ola,RU,2022-02-02 23:33:34,59.5833,151.2833,12.13,78,100,10.16
20,Sao Domingos Do Maranhao,BR,2022-02-02 23:33:34,-5.5758,-44.3853,73.42,85,57,2.68
21,Peniche,PT,2022-02-02 23:33:35,39.3558,-9.3811,56.62,74,96,3.22
22,Fairbanks,US,2022-02-02 23:33:35,64.8378,-147.7164,-13.02,74,0,0.0
23,Andira,BR,2022-02-02 23:33:36,-0.7385,-47.8437,74.46,96,93,3.6
24,Faqirwali,PK,2022-02-02 23:33:36,29.4663,73.034,55.36,59,56,19.42
25,Upernavik,GL,2022-02-02 23:33:36,72.7868,-56.1549,-9.33,67,97,9.95
26,Kabanjahe,ID,2022-02-02 23:32:04,3.1001,98.4908,61.56,94,62,1.99
27,Vaini,TO,2022-02-02 23:33:37,-21.2,-175.2,86.16,74,20,6.91
28,Ushtobe,KZ,2022-02-02 23:33:37,45.2514,77.9838,16.34,87,100,3.89
29,Tuktoyaktuk,CA,2022-02-02 23:30:18,69.4541,-133.0374,-22.0,76,75,11.5
30,Port Elizabeth,ZA,2022-02-02 23:33:38,-33.918,25.5701,71.1,94,75,10.36
31,Gat,IL,2022-02-02 23:33:39,31.61,34.7642,50.81,54,84,1.01
32,Hilo,US,2022-02-02 23:33:39,19.7297,-155.09,75.79,85,29,5.99
33,Broome,US,2022-02-02 23:33:39,42.2506,-75.833,40.37,70,75,1.99
34,Rock Sound,BS,2022-02-02 23:33:40,24.9,-76.2,72.86,64,81,18.52
35,Jacareacanga,BR,2022-02-02 23:33:40,-6.2222,-57.7528,74.37,97,97,1.99
36,Chuy,UY,2022-02-02 23:33:41,-33.6971,-53.4616,71.4,83,0,12.91
37,Bara,NG,2022-02-02 23:33:41,10.3744,10.7288,66.24,15,6,8.88
38,Bethel,US,2022-02-02 23:29:40,41.3712,-73.414,40.41,87,100,1.86
39,Mineros,BO,2022-02-02 23:33:42,-17.1167,-63.2333,83.79,68,27,4.97
40,Bay City,US,2022-02-02 23:33:42,43.5945,-83.8889,25.29,90,100,5.99
41,New Norfolk,AU,2022-02-02 23:33:43,-42.7826,147.0587,60.3,52,78,3.53
42,Struga,MK,2022-02-02 23:33:43,41.1781,20.6761,25.59,82,6,7.23
43,Coolidge,US,2022-02-02 23:33:44,32.9778,-111.5176,60.46,11,0,12.66
44,Sur,OM,2022-02-02 23:33:54,22.5667,59.5289,71.17,55,4,17.67
45,Copiapo,CL,2022-02-02 23:33:55,-27.3667,-70.3333,65.89,58,0,5.35
46,Ponta Do Sol,PT,2022-02-02 23:33:55,32.6667,-17.1,67.01,77,100,6.46
47,Georgetown,MY,2022-02-02 23:33:55,5.4112,100.3354,79.9,93,20,1.99
48,Luderitz,NA,2022-02-02 23:33:56,-26.6481,15.1594,68.0,78,70,2.13
49,Coron,PH,2022-02-02 23:33:56,11.9986,120.2043,81.18,73,99,12.33
50,Butaritari,KI,2022-02-02 23:33:57,3.0707,172.7902,81.75,78,37,16.67
51,Airai,TL,2022-02-02 23:33:57,-8.9266,125.4092,65.88,77,100,2.84
52,Abrau-Dyurso,RU,2022-02-02 23:33:57,44.69,37.59,54.86,79,100,15.23
53,Khatanga,RU,2022-02-02 23:33:58,71.9667,102.5,-36.18,98,48,1.07
54,Olga,RU,2022-02-02 23:33:58,43.7444,135.2892,12.24,53,41,12.88
55,Arsenyev,RU,2022-02-02 23:33:59,44.1631,133.2733,4.24,92,100,4.32
56,Lebu,CL,2022-02-02 23:33:59,-37.6167,-73.65,60.78,87,54,10.85
57,Severo-Kurilsk,RU,2022-02-02 23:34:00,50.6789,156.125,30.13,76,98,9.22
58,East London,ZA,2022-02-02 23:30:38,-33.0153,27.9116,74.19,95,73,9.66
59,Pyapon,MM,2022-02-02 23:34:00,16.2833,95.6833,62.26,92,32,5.97
60,Funadhoo,MV,2022-02-02 23:34:01,6.15,73.2667,80.58,74,25,5.68
61,Anadyr,RU,2022-02-02 23:24:51,64.75,177.4833,9.1,78,0,38.03
62,Candido Mendes,BR,2022-02-02 23:34:01,-1.4467,-45.7167,74.84,94,100,4.05
63,Port Alfred,ZA,2022-02-02 23:34:02,-33.5906,26.891,73.63,95,100,9.84
64,Puerto Ayora,EC,2022-02-02 23:34:02,-0.7393,-90.3518,76.55,90,27,4.0
65,Hithadhoo,MV,2022-02-02 23:34:03,-0.6,73.0833,81.54,69,40,3.22
66,Quatre Cocos,MU,2022-02-02 23:34:03,-20.2078,57.7625,80.71,92,100,29.17
67,Naze,JP,2022-02-02 23:34:03,28.3667,129.4833,54.52,87,100,24.16
68,Saint-Philippe,RE,2022-02-02 23:34:04,-21.3585,55.7679,80.19,96,100,34.34
69,Domoni,KM,2022-02-02 23:34:04,-12.2569,44.5319,79.07,84,100,4.88
70,Albany,US,2022-02-02 23:30:01,42.6001,-73.9662,41.74,78,88,4.43
71,Provideniya,RU,2022-02-02 23:34:05,64.3833,-173.3,10.51,72,75,40.26
72,Sibu,MY,2022-02-02 23:34:06,2.3,111.8167,75.51,100,20,3.0
73,Mar Del Plata,AR,2022-02-02 23:34:06,-38.0023,-57.5575,77.09,61,75,4.61
74,Nantucket,US,2022-02-02 23:33:10,41.2835,-70.0995,45.14,94,99,13.38
75,Clermont,FR,2022-02-02 23:33:13,49.5,2.4167,47.91,94,100,5.93
76,Mindelo,CV,2022-02-02 23:34:07,16.8901,-24.9804,71.15,73,20,24.16
77,Iqaluit,CA,2022-02-02 23:34:07,63.7506,-68.5145,8.33,78,75,8.05
78,San Quintin,MX,2022-02-02 23:29:26,30.4833,-115.95,61.27,57,0,11.27
79,Barrow,US,2022-02-02 23:34:08,71.2906,-156.7887,-20.18,63,75,4.61
80,Muros,ES,2022-02-02 23:34:08,42.7762,-9.0603,51.98,86,100,6.31
81,Arraial Do Cabo,BR,2022-02-02 23:34:09,-22.9661,-42.0278,75.16,94,75,5.75
82,Cullinan,ZA,2022-02-02 23:34:09,-25.6709,28.5236,71.29,58,1,2.93
83,Tasiilaq,GL,2022-02-02 23:34:10,65.6145,-37.6368,14.16,84,100,1.05
84,Yellowknife,CA,2022-02-02 23:34:00,62.456,-114.3525,-22.45,76,20,3.44
85,Tuatapere,NZ,2022-02-02 23:34:10,-46.1333,167.6833,58.82,78,100,7.49
86,Bluff,NZ,2022-02-02 23:34:11,-46.6,168.3333,58.8,65,100,17.85
87,Nizwa,OM,2022-02-02 23:34:11,22.9333,57.5333,63.99,57,1,5.21
88,Mukhen,RU,2022-02-02 23:34:11,48.1,136.1,-1.39,94,100,4.7
89,Bengkulu,ID,2022-02-02 23:34:12,-3.8004,102.2655,76.23,87,83,5.32
90,Esperance,AU,2022-02-02 23:34:12,-33.8667,121.9,66.04,59,6,17.07
91,Akita,JP,2022-02-02 23:29:21,39.7167,140.1167,32.94,59,75,10.36
92,Mataura,NZ,2022-02-02 23:34:13,-46.1927,168.8643,58.48,83,100,5.17
93,Hermanus,ZA,2022-02-02 23:34:13,-34.4187,19.2345,65.89,87,4,11.97
94,Sinnamary,GF,2022-02-02 23:34:24,5.3833,-52.95,78.28,83,73,11.48
95,Pisco,PE,2022-02-02 23:29:31,-13.7,-76.2167,75.25,60,0,18.41
96,Pevek,RU,2022-02-02 23:34:24,69.7008,170.3133,-6.95,74,22,4.97
97,Atuona,PF,2022-02-02 23:34:25,-9.8,-139.0333,78.4,75,95,15.55
98,Urucuca,BR,2022-02-02 23:34:25,-14.5931,-39.2844,81.41,94,16,0.63
99,Adrar,MR,2022-02-02 23:34:26,20.5022,-10.0711,67.64,21,56,10.4
100,Aras,ES,2022-02-02 23:34:26,42.5617,-2.356,38.05,93,0,10.36
101,Petropavlovsk-Kamchatskiy,RU,2022-02-02 23:34:26,53.0452,158.6483,27.19,74,75,2.24
102,Mikhaylovka,RU,2022-02-02 23:34:27,50.06,43.2379,36.79,100,100,14.67
103,Haines Junction,CA,2022-02-02 23:34:27,60.7522,-137.5108,3.15,55,100,2.3
104,Savannah Bight,HN,2022-02-02 23:34:28,16.45,-85.85,84.25,82,0,27.58
105,Tura,IN,2022-02-02 23:34:28,25.5198,90.2201,58.98,52,83,1.03
106,Tocopilla,CL,2022-02-02 23:34:29,-22.092,-70.1979,69.96,74,25,11.83
107,Kavieng,PG,2022-02-02 23:34:29,-2.5744,150.7967,79.27,84,100,15.05
108,Saldanha,ZA,2022-02-02 23:34:30,-33.0117,17.9442,66.25,89,52,7.65
109,Mareeba,AU,2022-02-02 23:34:30,-17.0,145.4333,83.48,89,100,7.85
110,Qandala,SO,2022-02-02 23:34:30,11.472,49.8728,72.0,70,2,4.47
111,Uelzen,DE,2022-02-02 23:34:31,52.9667,10.5667,37.02,94,80,7.47
112,Narsaq,GL,2022-02-02 23:34:31,60.9167,-46.05,3.42,63,70,9.08
113,Kapaa,US,2022-02-02 23:34:32,22.0752,-159.319,80.58,66,0,3.0
114,Benito Juarez,MX,2022-02-02 23:34:32,19.385,-99.165,71.42,33,20,17.0
115,Bredasdorp,ZA,2022-02-02 23:34:32,-34.5322,20.0403,65.52,77,34,3.44
116,Kanigiri,IN,2022-02-02 23:34:33,15.4,79.5167,66.29,81,8,4.54
117,Flin Flon,CA,2022-02-02 23:31:25,54.7682,-101.865,-11.36,53,0,9.22
118,Acapulco,MX,2022-02-02 23:32:45,16.8634,-99.8901,82.22,65,20,10.36
119,Ketchikan,US,2022-02-02 23:33:10,55.3422,-131.6461,37.38,100,100,3.44
120,Sabang,ID,2022-02-02 23:34:34,5.8933,95.3214,80.58,77,37,10.71
121,Sioux Lookout,CA,2022-02-02 23:34:34,50.1001,-91.917,-9.02,70,20,6.91
122,Bairiki,KI,2022-02-02 23:34:35,1.3292,172.9752,82.4,83,75,2.3
123,Haradok,BY,2022-02-02 23:34:35,55.4624,29.9816,22.93,97,100,4.16
124,Krasnoselkup,RU,2022-02-02 23:34:36,65.7,82.4667,-18.83,100,91,7.18
125,Dikson,RU,2022-02-02 23:34:36,73.5069,80.5464,-7.69,98,94,10.87
126,Asau,RO,2022-02-02 23:34:36,46.4333,26.4,22.28,87,89,6.02
127,Cherskiy,RU,2022-02-02 23:34:37,68.75,161.3,-15.75,68,60,1.88
128,Aracati,BR,2022-02-02 23:31:57,-4.5617,-37.7697,80.96,76,31,11.39
129,Oranjemund,NA,2022-02-02 23:34:37,-28.55,16.4333,67.44,86,100,4.47
130,The Valley,AI,2022-02-02 23:30:24,18.217,-63.0578,78.66,78,20,8.05
131,Vila Velha,BR,2022-02-02 23:32:48,-20.3297,-40.2925,78.94,84,0,4.61
132,Abong Mbang,CM,2022-02-02 23:34:38,3.9833,13.1833,67.8,64,45,3.42
133,Juan Aldama,MX,2022-02-02 23:34:39,24.2908,-103.3944,66.79,22,9,20.36
134,Ahipara,NZ,2022-02-02 23:34:39,-35.1667,173.1667,75.81,66,97,14.03
135,Hervey Bay,AU,2022-02-02 23:32:16,-25.2986,152.8535,85.03,77,98,11.99
136,Sinnai,IT,2022-02-02 23:34:40,39.3042,9.2036,51.48,77,0,9.22
137,Olafsvik,IS,2022-02-02 23:34:40,64.8945,-23.7142,29.71,49,93,1.77
138,Evensk,RU,2022-02-02 23:31:57,61.95,159.2333,20.26,42,100,19.93
139,Castro,BR,2022-02-02 23:34:41,-24.7911,-50.0119,65.95,93,48,6.64
140,Laguna,US,2022-02-02 23:34:51,38.421,-121.4238,63.05,27,0,8.01
141,Xuanhua,CN,2022-02-02 23:34:52,40.6103,115.0447,11.97,62,0,5.1
142,Santa Cruz,BO,2022-02-02 23:34:52,-17.8,-63.1667,84.25,70,40,11.5
143,Ucluelet,CA,2022-02-02 23:34:52,48.9329,-125.5528,42.1,90,100,5.91
144,Belyy Yar,RU,2022-02-02 23:34:53,53.6039,91.3903,-18.51,83,75,0.0
145,Dudinka,RU,2022-02-02 23:34:53,69.4058,86.1778,-10.39,100,97,5.46
146,Berlevag,NO,2022-02-02 23:34:54,70.8578,29.0864,26.85,66,100,13.27
147,Uyovu,TZ,2022-02-02 23:34:54,-3.2833,31.5258,62.01,97,91,2.06
148,Victoria,HK,2022-02-02 23:31:48,22.2855,114.1577,58.95,93,100,1.99
149,Ribeira Grande,PT,2022-02-02 23:32:01,38.5167,-28.7,59.58,74,10,8.28
150,Sibundoy,CO,2022-02-02 23:34:55,1.2048,-76.9237,60.46,97,84,0.76
151,Port-Gentil,GA,2022-02-02 23:34:55,-0.7193,8.7815,80.58,78,35,11.07
152,Krasnokamensk,RU,2022-02-02 23:34:56,50.0979,118.0369,-20.94,95,27,3.8
153,Bend,US,2022-02-02 23:31:41,44.0582,-121.3153,41.14,57,40,4.0
154,Charters Towers,AU,2022-02-02 23:34:56,-20.1,146.2667,84.63,66,100,11.52
155,Letka,RU,2022-02-02 23:34:57,59.6011,49.4232,20.34,94,100,7.49
156,Schmolln,DE,2022-02-02 23:34:57,50.9,12.3667,36.63,86,58,1.99
157,Saskylakh,RU,2022-02-02 23:34:57,71.9167,114.0833,-30.98,100,27,2.91
158,Sechura,PE,2022-02-02 23:34:58,-5.5569,-80.8222,75.79,62,18,17.31
159,Pedernales,DO,2022-02-02 23:34:58,18.0384,-71.744,77.25,77,12,8.52
160,Bongandanga,CD,2022-02-02 23:34:59,1.5,21.05,76.64,33,97,2.35
161,Tyrma,RU,2022-02-02 23:34:59,50.0833,132.1667,-17.45,99,94,0.72
162,Hobart,AU,2022-02-02 23:30:03,-42.8794,147.3294,60.66,54,75,13.8
163,Padang,ID,2022-02-02 23:35:00,-0.9492,100.3543,77.13,85,62,3.58
164,Bardiyah,LY,2022-02-02 23:35:00,31.7561,25.0865,52.11,72,88,14.97
165,Chokurdakh,RU,2022-02-02 23:35:01,70.6333,147.9167,-21.59,99,90,7.45
166,Aklavik,CA,2022-02-02 23:35:01,68.2191,-135.0107,-22.0,69,75,3.44
167,Pangkalanbuun,ID,2022-02-02 23:35:02,-2.6833,111.6167,73.99,96,100,0.81
168,Cabo San Lucas,MX,2022-02-02 23:35:02,22.8909,-109.9124,74.61,63,40,17.27
169,Mariental,NA,2022-02-02 23:35:02,-24.6333,17.9667,75.36,59,69,9.06
170,Svay Rieng,KH,2022-02-02 23:35:03,11.0879,105.7993,73.89,88,82,2.24
171,Vicar,ES,2022-02-02 23:35:03,36.8316,-2.6427,60.57,74,11,2.44
172,Lake Havasu City,US,2022-02-02 23:31:01,34.4839,-114.3224,55.4,11,0,18.99
173,Nikolskoye,RU,2022-02-02 23:35:04,59.7035,30.7861,21.09,99,98,1.21
174,Ponta Delgada,PT,2022-02-02 23:32:09,37.7333,-25.6667,58.5,77,20,5.75
175,Kuandian,CN,2022-02-02 23:35:05,40.7286,124.7847,9.82,66,0,2.01
176,Bonao,DO,2022-02-02 23:35:05,18.9369,-70.4092,76.98,98,31,1.41
177,Nouadhibou,MR,2022-02-02 23:35:06,20.931,-17.0347,73.38,49,1,17.27
178,Whakatane,NZ,2022-02-02 23:35:06,-37.9585,176.9854,72.77,71,100,9.89
179,Ulladulla,AU,2022-02-02 23:35:07,-35.35,150.4667,68.77,57,86,14.16
180,Mitu,CO,2022-02-02 23:35:07,1.1983,-70.1733,77.23,71,94,2.39
181,Saint-Pierre,RE,2022-02-02 23:35:08,-21.3393,55.4781,80.28,89,75,28.77
182,Carnarvon,AU,2022-02-02 23:35:08,-24.8667,113.6333,78.87,89,61,11.5
183,Chumikan,RU,2022-02-02 23:35:19,54.7183,135.315,-12.01,87,71,12.35
184,Korla,CN,2022-02-02 23:35:19,41.7597,86.1469,22.21,57,10,6.67
185,Cape Town,ZA,2022-02-02 23:34:50,-33.9258,18.4232,65.26,90,75,1.01
186,Rajapur,IN,2022-02-02 23:35:20,25.3833,81.15,54.18,72,0,9.17
187,Kyshtovka,RU,2022-02-02 23:35:20,56.555,76.6271,9.41,94,100,8.97
188,Kysyl-Syr,RU,2022-02-02 23:35:21,63.8986,122.7617,-14.66,98,100,4.9
189,Cidreira,BR,2022-02-02 23:35:21,-30.1811,-50.2056,75.6,85,1,19.62
190,Zhuhai,CN,2022-02-02 23:35:21,22.2769,113.5678,58.69,87,40,17.27
191,San Ramon,US,2022-02-02 23:35:22,37.7799,-121.978,62.89,25,0,3.0
192,Codrington,AU,2022-02-02 23:35:22,-38.2667,141.9667,60.03,62,91,14.43
193,Kutum,SD,2022-02-02 23:35:23,14.2,24.6667,62.89,23,33,10.13
194,Farmington,US,2022-02-02 23:35:23,36.7281,-108.2187,36.28,33,0,18.41
195,Arlit,NE,2022-02-02 23:34:29,18.7369,7.3853,62.28,16,0,15.48
196,Komsomolskiy,UZ,2022-02-02 23:35:24,40.4272,71.7189,36.32,87,100,2.3
197,Manduria,IT,2022-02-02 23:35:24,40.4018,17.6335,52.7,51,0,22.21
198,Ilulissat,GL,2022-02-02 23:35:24,69.2167,-51.1,-0.38,50,90,25.32
199,Manitouwadge,CA,2022-02-02 23:35:25,49.1215,-85.8403,2.12,89,93,7.09
200,Challapata,BO,2022-02-02 23:35:25,-18.9,-66.7667,53.53,62,87,3.27
201,San Pedro,PH,2022-02-02 23:35:26,14.35,121.0167,78.31,75,75,3.44
202,Qasigiannguit,GL,2022-02-02 23:35:26,68.8193,-51.1922,-0.15,65,71,11.52
203,Alice Springs,AU,2022-02-02 23:35:27,-23.7,133.8833,67.55,77,75,13.8
204,Poum,NC,2022-02-02 23:35:27,-20.2333,164.0167,80.11,75,0,4.41
205,Havre-Saint-Pierre,CA,2022-02-02 23:35:27,50.2334,-63.5986,28.4,86,100,12.66
206,Aripuana,BR,2022-02-02 23:35:28,-9.1667,-60.6333,73.53,97,94,1.16
207,Talcahuano,CL,2022-02-02 23:35:28,-36.7167,-73.1167,62.28,77,20,9.22
208,Port Lincoln,AU,2022-02-02 23:35:29,-34.7333,135.8667,65.34,63,27,16.15
209,Hamilton,US,2022-02-02 23:32:23,39.1834,-84.5333,45.21,95,100,1.99
210,Mount Gambier,AU,2022-02-02 23:35:29,-37.8333,140.7667,60.71,63,100,13.8
211,Mahebourg,MU,2022-02-02 23:35:29,-20.4081,57.7,80.89,89,75,27.63
212,Rosetta,EG,2022-02-02 23:35:30,31.4044,30.4164,55.22,54,99,11.23
213,Praia Da Vitoria,PT,2022-02-02 23:35:30,38.7333,-27.0667,59.25,82,40,6.02
214,Tazovskiy,RU,2022-02-02 23:32:52,67.4667,78.7,-15.2,99,92,9.17
215,Klaksvik,FO,2022-02-02 23:35:31,62.2266,-6.589,40.12,76,100,11.86
216,Rawson,AR,2022-02-02 23:30:59,-43.3002,-65.1023,69.96,50,100,10.11
217,Nome,US,2022-02-02 23:33:17,64.5011,-165.4064,9.1,62,0,32.21
218,Sangar,RU,2022-02-02 23:35:32,63.9242,127.4739,-34.6,99,54,1.88
219,Tiksi,RU,2022-02-02 23:33:53,71.6872,128.8694,-5.87,97,100,7.49
220,Emerald,AU,2022-02-02 23:35:32,-23.5333,148.1667,80.74,83,100,5.75
221,Torbay,CA,2022-02-02 23:31:28,47.6666,-52.7314,23.58,85,0,12.66
222,Rocha,UY,2022-02-02 23:35:26,-34.4833,-54.3333,69.55,86,0,10.78
223,Labuhan,ID,2022-02-02 23:35:33,-6.8844,112.2051,78.22,84,100,3.29
224,Camacupa,AO,2022-02-02 23:35:34,-12.0167,17.4833,61.09,95,50,4.54
225,Henties Bay,NA,2022-02-02 23:35:34,-22.116,14.2845,67.86,82,54,4.97
226,Whitehorse,CA,2022-02-02 23:31:58,60.7161,-135.0538,-3.98,71,75,8.05
227,Fortuna,US,2022-02-02 23:35:35,40.5982,-124.1573,59.47,74,0,1.01
228,Nanortalik,GL,2022-02-02 23:33:56,60.1432,-45.2371,10.63,60,53,8.52
229,Bambous Virieux,MU,2022-02-02 23:35:35,-20.3428,57.7575,80.85,89,75,27.63
230,Cayenne,GF,2022-02-02 23:35:26,4.9333,-52.3333,80.1,84,100,7.0
231,Partenit,UA,2022-02-02 23:35:46,44.578,34.3446,42.21,96,100,2.84
232,Yumen,CN,2022-02-02 23:35:46,40.2833,97.2,20.03,41,99,10.22
233,Grand-Santi,GF,2022-02-02 23:35:47,4.25,-54.3833,72.43,99,84,2.42
234,Port Shepstone,ZA,2022-02-02 23:35:47,-30.7414,30.455,76.57,92,99,15.48
235,Comodoro Rivadavia,AR,2022-02-02 23:35:48,-45.8667,-67.5,82.26,23,0,12.66
236,High Prairie,CA,2022-02-02 23:35:48,55.4334,-116.4858,2.5,96,100,3.89
237,Mezhdurechenskiy,RU,2022-02-02 23:35:48,59.6,65.9333,17.49,95,97,7.34
238,Mulchen,CL,2022-02-02 23:35:49,-37.7167,-72.2333,73.74,46,3,4.72
239,Byron Bay,AU,2022-02-02 23:35:50,-28.65,153.6167,76.87,96,98,14.07
240,Vila,PT,2022-02-02 23:35:50,42.0304,-8.1588,44.33,78,96,4.45
241,Buraydah,SA,2022-02-02 23:35:50,26.326,43.975,52.25,38,0,8.01
242,Nushki,PK,2022-02-02 23:35:51,29.5542,66.0215,42.15,50,0,5.64
243,Sile,TR,2022-02-02 23:35:51,41.1754,29.6133,47.57,77,100,11.3
244,Grand Gaube,MU,2022-02-02 23:35:51,-20.0064,57.6608,81.0,88,100,21.99
245,Vysokogornyy,RU,2022-02-02 23:35:52,50.1167,139.15,-6.03,96,98,4.61
246,Santa Ines,BR,2022-02-02 23:35:52,-3.6667,-45.38,74.05,93,98,3.8
247,Male,MV,2022-02-02 23:35:53,4.1748,73.5089,82.35,78,75,11.5
248,Ancud,CL,2022-02-02 23:31:35,-41.8697,-73.8203,67.23,85,97,4.16
249,Mortka,RU,2022-02-02 23:35:53,59.3322,66.0214,15.76,95,94,7.25
250,Skelleftea,SE,2022-02-02 23:35:54,64.7507,20.9528,10.76,66,100,3.44
251,Hecun,CN,2022-02-02 23:35:54,36.5333,114.1111,30.22,48,0,2.46
252,Tunceli,TR,2022-02-02 23:35:54,39.1083,39.5471,43.09,96,100,3.89
253,Kaitangata,NZ,2022-02-02 23:35:55,-46.2817,169.8464,54.09,94,100,3.74
254,Baisha,CN,2022-02-02 23:35:55,26.5222,110.9311,34.9,91,99,1.43
255,Yermish,RU,2022-02-02 23:35:56,54.7678,42.2711,11.07,97,100,2.84
256,Tahe,CN,2022-02-02 23:35:56,52.3333,124.7333,-7.01,78,13,6.98
257,Shimoda,JP,2022-02-02 23:35:56,34.6667,138.95,48.56,56,57,21.79
258,Olavarria,AR,2022-02-02 23:35:57,-36.8927,-60.3225,73.15,74,98,4.07
259,Constitucion,CL,2022-02-02 23:35:57,-35.3333,-72.4167,59.94,85,43,6.33
260,Tubuala,PA,2022-02-02 23:35:58,9.5167,-79.0333,84.31,81,25,8.01
261,Adra,ES,2022-02-02 23:35:58,36.7496,-3.0206,63.81,48,35,2.13
262,Biak,ID,2022-02-02 23:35:58,-0.9131,122.8766,80.38,68,100,3.44
263,Faanui,PF,2022-02-02 23:35:59,-16.4833,-151.75,81.19,74,14,18.84
264,Pombas,CV,2022-02-02 23:35:59,17.1503,-25.0201,69.58,81,2,12.08
265,North Bend,US,2022-02-02 23:36:00,43.4065,-124.2243,51.24,98,100,8.05
266,Lorengau,PG,2022-02-02 23:31:28,-2.0226,147.2712,79.27,82,100,10.56
267,Tsiroanomandidy,MG,2022-02-02 23:36:00,-18.7667,46.0333,67.64,88,38,1.03
268,Makakilo City,US,2022-02-02 23:36:01,21.3469,-158.0858,79.12,58,75,0.0
269,Carnduff,CA,2022-02-02 23:36:01,49.1667,-101.8009,-23.89,96,13,5.91
270,Norman Wells,CA,2022-02-02 23:35:45,65.282,-126.8329,-21.96,69,75,16.11
271,Falam,MM,2022-02-02 23:36:02,22.9167,93.6833,40.41,69,1,2.3
272,Xapuri,BR,2022-02-02 23:36:02,-10.6517,-68.5044,74.41,96,91,2.82
273,Kautokeino,NO,2022-02-02 23:36:03,69.0125,23.0412,7.34,97,100,4.07
274,Kavaratti,IN,2022-02-02 23:36:03,10.5669,72.642,79.39,73,19,11.27
275,Malakal,SS,2022-02-02 23:36:03,9.5334,31.6605,78.67,25,100,4.97
276,Chapais,CA,2022-02-02 23:32:46,49.7834,-74.8492,10.18,91,100,7.58
277,Arman,RU,2022-02-02 23:36:04,59.7,150.1667,11.73,80,100,10.02
278,Sao Filipe,CV,2022-02-02 23:36:14,14.8961,-24.4956,74.35,71,2,17.02
279,Hibbing,US,2022-02-02 23:36:15,47.4272,-92.9377,-4.4,37,0,12.66
280,Omboue,GA,2022-02-02 23:36:15,-1.5746,9.2618,77.22,86,88,6.22
281,Puerto Escondido,MX,2022-02-02 23:32:28,15.85,-97.0667,83.23,65,20,8.05
282,Tarakan,ID,2022-02-02 23:36:16,3.3,117.6333,76.5,94,40,2.3
283,Portland,US,2022-02-02 23:32:06,45.5234,-122.6762,47.25,92,100,1.01
284,Kutno,PL,2022-02-02 23:36:16,52.2306,19.3641,34.61,89,93,9.35
285,Sayaxche,GT,2022-02-02 23:36:17,16.5167,-90.1667,76.48,74,0,2.04
286,Pacific Grove,US,2022-02-02 23:35:46,36.6177,-121.9166,65.41,25,0,1.99
287,Quiruvilca,PE,2022-02-02 23:36:18,-7.9667,-78.2,41.25,91,93,1.14
288,Baghdad,IQ,2022-02-02 23:35:36,33.3406,44.4009,42.71,81,0,1.14
289,San Felipe,VE,2022-02-02 23:36:19,10.3399,-68.7425,72.23,92,88,4.92
290,Calamba,PH,2022-02-02 23:36:19,14.2117,121.1653,79.05,82,90,10.49
291,Hasaki,JP,2022-02-02 23:36:20,35.7333,140.8333,30.6,52,53,11.3
292,Duxbury,US,2022-02-02 23:36:20,42.0418,-70.6723,42.01,88,100,0.0
293,Omsukchan,RU,2022-02-02 23:36:21,62.5333,155.8,-11.65,97,100,5.77
294,Mezen,RU,2022-02-02 23:36:21,65.8522,44.24,8.56,97,97,4.0
295,Half Moon Bay,US,2022-02-02 23:31:30,37.4636,-122.4286,64.87,30,0,3.0
296,Hakui,JP,2022-02-02 23:36:22,36.8833,136.7833,40.21,57,100,16.06
297,Esso,RU,2022-02-02 23:36:22,55.9333,158.7,14.65,94,92,3.49
298,Road Town,VG,2022-02-02 23:36:22,18.4167,-64.6167,78.84,78,40,9.22
299,Baturaja,ID,2022-02-02 23:36:23,-4.1333,104.1667,73.53,96,89,1.14
300,Woodstock,CA,2022-02-02 23:36:23,43.1334,-80.7497,35.2,95,100,8.99
301,San Cristobal,VE,2022-02-02 23:36:24,7.7669,-72.225,69.6,50,21,2.17
302,Garh Maharaja,PK,2022-02-02 23:36:24,30.8339,71.9053,56.28,55,54,18.21
303,Ulaanbaatar,MN,2022-02-02 23:36:10,47.9077,106.8832,-25.47,75,40,2.24
304,Mayumba,GA,2022-02-02 23:36:25,-3.432,10.6554,77.49,87,99,4.43
305,Hanamaki,JP,2022-02-02 23:36:25,39.3833,141.1167,25.0,80,75,3.44
306,Mangit,UZ,2022-02-02 23:36:26,40.5971,70.9607,34.88,47,81,2.37
307,Podporozhye,RU,2022-02-02 23:36:26,60.9112,34.1706,3.51,99,100,2.17
308,Birstonas,LT,2022-02-02 23:36:27,54.6167,24.0333,24.93,90,100,9.28
309,Oyama,JP,2022-02-02 23:36:27,36.3,139.8,37.58,41,14,1.86
310,Kuching,MY,2022-02-02 23:36:27,1.55,110.3333,75.42,94,40,2.3
311,Luwingu,ZM,2022-02-02 23:36:28,-10.2621,29.9271,62.64,98,100,5.35
312,Macae,BR,2022-02-02 23:36:28,-22.3708,-41.7869,76.75,100,100,2.3
313,Camana,PE,2022-02-02 23:36:29,-16.6228,-72.7111,71.74,82,52,8.48
314,Moss Point,US,2022-02-02 23:35:31,30.4116,-88.5345,66.22,96,100,0.0
315,Tezu,IN,2022-02-02 23:36:29,27.9167,96.1667,53.56,61,88,3.87
316,San Carlos De Bariloche,AR,2022-02-02 23:35:56,-41.1456,-71.3082,73.15,35,40,14.97
317,Dwarka,IN,2022-02-02 23:36:30,22.2394,68.9678,72.5,70,4,16.82
318,Tikapur,NP,2022-02-02 23:36:30,28.5,81.1333,54.5,61,97,6.08
319,Shelabolikha,RU,2022-02-02 23:36:31,53.4131,82.6167,13.46,100,99,0.98
320,Vao,NC,2022-02-02 23:36:41,-22.6667,167.4833,78.06,74,98,12.77
321,Mazatan,MX,2022-02-02 23:36:42,14.8667,-92.45,86.07,62,40,6.91
322,Kotri,PK,2022-02-02 23:36:42,25.366,68.3122,64.27,21,1,7.9
323,Coihaique,CL,2022-02-02 23:36:43,-45.5752,-72.0662,64.35,55,75,9.22
324,Kieta,PG,2022-02-02 23:36:43,-6.2167,155.6333,85.26,69,99,12.08
325,Toora-Khem,RU,2022-02-02 23:36:43,52.4675,96.11,-22.18,100,99,1.07
326,Acarau,BR,2022-02-02 23:36:44,-2.8856,-40.12,79.61,81,62,12.15
327,Dauphin,CA,2022-02-02 23:36:44,51.1494,-100.0502,-14.66,64,0,20.71
328,Ust-Nera,RU,2022-02-02 23:36:45,64.5667,143.2,-15.74,100,94,3.15
329,Dunedin,NZ,2022-02-02 23:36:45,-45.8742,170.5036,54.81,92,100,10.67
330,Beloha,MG,2022-02-02 23:36:45,-25.1667,45.05,71.08,77,0,12.53
331,Longyearbyen,SJ,2022-02-02 23:36:46,78.2186,15.6401,15.64,67,0,20.71
332,Cabedelo,BR,2022-02-02 23:36:46,-6.9811,-34.8339,83.07,74,47,12.71
333,Saint Anthony,US,2022-02-02 23:36:47,45.0205,-93.218,5.25,58,0,5.99
334,Leh,IN,2022-02-02 23:35:36,34.1667,77.5833,7.34,90,99,4.16
335,Cheremshan,RU,2022-02-02 23:36:47,54.6667,51.5,30.18,97,100,17.36
336,Gondar,ET,2022-02-02 23:36:48,12.6,37.4667,59.83,64,96,4.52
337,Vanimo,PG,2022-02-02 23:36:48,-2.6741,141.3028,78.82,87,98,3.76
338,La Romana,DO,2022-02-02 23:36:48,18.4273,-68.9728,79.16,78,40,6.91
339,Ust-Maya,RU,2022-02-02 23:36:49,60.4167,134.5333,-21.12,94,100,2.33
340,Powell River,CA,2022-02-02 23:36:49,49.8496,-124.5361,37.67,100,100,0.0
341,Punahana,IN,2022-02-02 23:36:50,27.8667,77.2,54.95,60,37,8.57
342,Bonavista,CA,2022-02-02 23:36:50,48.6499,-53.1147,23.11,71,40,20.2
343,Tabou,CI,2022-02-02 23:36:50,4.423,-7.3528,78.89,81,70,8.28
344,Vrangel,RU,2022-02-02 23:36:51,42.7297,133.0839,13.3,57,3,13.44
345,Halifax,CA,2022-02-02 23:36:01,44.6453,-63.5724,35.22,87,91,1.99
346,Sinegorsk,RU,2022-02-02 23:36:52,47.1667,142.5,-10.86,87,55,8.34
347,Necochea,AR,2022-02-02 23:33:00,-38.5473,-58.7368,79.16,56,100,8.86
348,Kloulklubed,PW,2022-02-02 23:36:52,7.0419,134.2556,82.9,79,100,19.55
349,Katsuura,JP,2022-02-02 23:36:52,35.1333,140.3,44.19,47,53,7.2
350,Mao,ES,2022-02-02 23:35:38,39.8885,4.2658,46.96,93,0,4.61
351,Suicheng,CN,2022-02-02 23:36:53,33.8963,117.9331,32.36,68,46,3.51
352,Seoul,KR,2022-02-02 23:35:04,37.5683,126.9778,18.84,82,0,1.14
353,Kosonsoy,UZ,2022-02-02 23:36:54,41.2561,71.5508,28.96,50,96,5.93
354,Gejiu,CN,2022-02-02 23:36:54,23.306,103.1635,35.87,94,69,4.56
355,La Ronge,CA,2022-02-02 23:36:54,55.1001,-105.2842,-10.98,58,0,1.14
356,Zhangye,CN,2022-02-02 23:36:55,38.9342,100.4517,19.67,37,84,0.98
357,Kalmunai,LK,2022-02-02 23:36:55,7.4167,81.8167,75.25,73,83,3.69
358,Ust-Tsilma,RU,2022-02-02 23:36:56,65.441,52.1498,8.19,99,99,2.53
359,Zaragoza,ES,2022-02-02 23:36:56,41.6561,-0.8773,49.01,61,0,1.99
360,Sovetskiy,RU,2022-02-02 23:36:57,61.3614,63.5842,17.22,96,100,5.46
361,Avera,US,2022-02-02 23:36:57,33.194,-82.5271,64.27,80,94,6.29
362,Chicama,PE,2022-02-02 23:36:57,-7.8447,-79.1469,68.54,70,12,9.31
363,Shaowu,CN,2022-02-02 23:36:58,27.3409,117.4831,40.8,95,100,2.89
364,Harper,LR,2022-02-02 23:36:58,4.375,-7.7169,79.0,81,88,8.88
365,Westport,US,2022-02-02 23:36:59,41.1415,-73.3579,41.76,93,100,1.99
366,Shiyan,CN,2022-02-02 23:36:59,32.6475,110.7781,34.88,59,100,0.78
367,Vardo,NO,2022-02-02 23:37:00,70.3705,31.1107,29.98,59,100,18.5
368,Gorontalo,ID,2022-02-02 23:37:11,0.5412,123.0595,80.19,72,98,3.8
369,Mirnyy,RU,2022-02-02 23:37:12,62.5353,113.9611,-30.51,100,19,3.89
370,Varhaug,NO,2022-02-02 23:37:12,58.6147,5.6457,38.89,84,95,6.13
371,Hambantota,LK,2022-02-02 23:34:29,6.1241,81.1185,71.8,84,6,8.46
372,Bosaso,SO,2022-02-02 23:37:13,11.2842,49.1816,71.91,76,3,4.38
373,Miandrivazo,MG,2022-02-02 23:37:13,-19.5167,45.4667,78.08,84,48,2.19
374,Jalu,LY,2022-02-02 23:37:14,29.0331,21.5482,51.75,60,41,18.68
375,Rio Cuarto,AR,2022-02-02 23:37:14,-33.1307,-64.3499,71.37,78,75,5.75
376,Dubai,AE,2022-02-02 23:37:15,25.2582,55.3047,68.22,68,0,3.44
377,Kozhva,RU,2022-02-02 23:37:15,65.1073,57.0459,16.16,95,100,7.25
378,San Calixto,CO,2022-02-02 23:37:15,8.4021,-73.2074,61.2,66,54,2.53
379,Luanda,AO,2022-02-02 23:37:16,-8.8368,13.2343,75.2,83,40,5.75
380,Isiro,CD,2022-02-02 23:37:16,2.7739,27.616,68.65,44,99,1.72
381,Abu Samrah,SY,2022-02-02 23:37:17,35.3029,37.1841,48.36,54,93,11.97
382,Buchanan,LR,2022-02-02 23:37:17,5.8808,-10.0467,79.09,83,28,5.95
383,Nisia Floresta,BR,2022-02-02 23:37:17,-6.0911,-35.2086,83.21,77,53,8.61
384,Pozo Colorado,PY,2022-02-02 23:37:18,-23.4923,-58.7972,89.44,33,56,6.22
385,Tornio,FI,2022-02-02 23:37:00,65.8481,24.1466,1.42,96,100,4.23
386,Lipin Bor,RU,2022-02-02 23:37:19,60.2622,37.9763,2.91,99,99,3.0
387,Guerrero Negro,MX,2022-02-02 23:36:30,27.9769,-114.0611,64.81,36,2,14.09
388,Cockburn Town,TC,2022-02-02 23:32:42,21.4612,-71.1419,73.36,83,75,13.8
389,Green River,US,2022-02-02 23:37:19,41.5286,-109.4662,19.18,49,81,8.9
390,Mishelevka,RU,2022-02-02 23:37:20,52.8575,103.1719,-18.98,100,96,0.89
391,Central Point,US,2022-02-02 23:37:20,42.376,-122.9164,51.28,51,0,1.01
392,Roebourne,AU,2022-02-02 23:37:21,-20.7833,117.1333,84.99,63,96,3.8
393,Tullow,IE,2022-02-02 23:37:21,52.8003,-6.7369,48.25,87,100,5.01
394,Namibe,AO,2022-02-02 23:37:21,-15.1961,12.1522,72.09,72,85,9.8
395,Usakos,NA,2022-02-02 23:37:22,-22.0,15.6,68.36,54,3,5.86
396,Rovaniemi,FI,2022-02-02 23:37:22,66.5,25.7167,13.41,85,100,9.22
397,Bud,US,2022-02-02 23:37:23,39.447,-86.1758,36.82,97,100,14.79
398,Atar,MR,2022-02-02 23:37:23,20.5169,-13.0499,73.15,20,0,8.5
399,Coquimbo,CL,2022-02-02 23:36:24,-29.9533,-71.3436,65.93,77,20,10.36
400,Maturin,VE,2022-02-02 23:37:24,9.75,-63.1767,76.15,75,51,8.84
401,Bathsheba,BB,2022-02-02 23:37:24,13.2167,-59.5167,79.41,73,20,14.97
402,Mopipi,BW,2022-02-02 23:37:25,-21.1833,24.8833,79.68,62,95,7.16
403,Pangody,RU,2022-02-02 23:37:25,65.85,74.4859,0.14,97,97,14.99
404,Launceston,AU,2022-02-02 23:35:12,-41.45,147.1667,63.61,51,100,5.01
405,Gao,ML,2022-02-02 23:37:26,16.6362,1.637,64.8,12,0,11.5
406,Ati,TD,2022-02-02 23:37:26,13.2154,18.3353,62.87,13,2,10.18
407,Touros,BR,2022-02-02 23:37:27,-5.1989,-35.4608,83.3,73,31,12.59
408,Los Llanos De Aridane,ES,2022-02-02 23:37:27,28.6585,-17.9182,68.13,61,20,5.01
409,Knysna,ZA,2022-02-02 23:37:28,-34.0363,23.0471,68.38,88,100,3.18
410,Preobrazheniye,RU,2022-02-02 23:37:28,42.9019,133.9064,12.78,61,33,9.28
411,Diamantina,BR,2022-02-02 23:37:38,-18.2494,-43.6003,64.63,95,100,3.36
412,Sola,VU,2022-02-02 23:37:39,-13.8833,167.55,81.25,76,98,7.11
413,Svetlaya,RU,2022-02-02 23:37:39,46.5389,138.3297,9.25,66,13,8.77
414,Tarko-Sale,RU,2022-02-02 23:37:40,64.9225,77.785,-5.42,95,65,14.7
415,Puerto Madryn,AR,2022-02-02 23:37:40,-42.7692,-65.0385,80.46,30,69,4.63
416,Kaseda,JP,2022-02-02 23:37:41,31.4167,130.3167,40.23,76,100,14.03
417,Pokhara,NP,2022-02-02 23:37:41,28.2333,83.9833,50.54,71,92,2.93
418,Bubaque,GW,2022-02-02 23:37:42,11.2833,-15.8333,77.86,84,12,7.56
419,Rajpura,IN,2022-02-02 23:37:42,30.4831,76.595,54.1,73,93,9.78
420,Bandarbeyla,SO,2022-02-02 23:37:42,9.4942,50.8122,73.99,75,14,15.75
421,Koumac,NC,2022-02-02 23:37:43,-20.5667,164.2833,84.76,63,1,5.12
422,Sitka,US,2022-02-02 23:33:10,57.0531,-135.33,39.09,93,100,5.75
423,Port Macquarie,AU,2022-02-02 23:37:43,-31.4333,152.9167,67.89,100,100,10.36
424,Abu Road,IN,2022-02-02 23:37:44,24.4833,72.7833,57.97,84,8,4.7
425,Agadir,MA,2022-02-02 23:37:44,30.4202,-9.5982,64.85,39,36,2.37
426,Kahului,US,2022-02-02 23:37:45,20.8947,-156.47,83.46,67,20,16.11
427,Rio Grande,BR,2022-02-02 23:37:45,-32.035,-52.0986,74.01,85,0,18.92
428,Tilichiki,RU,2022-02-02 23:32:47,60.4667,166.1,3.27,82,98,10.54
429,Edson,CA,2022-02-02 23:37:46,53.5835,-116.4356,-3.86,65,100,0.0
430,Meulaboh,ID,2022-02-02 23:37:46,4.1363,96.1285,75.54,86,60,4.0
431,Miri,MY,2022-02-02 23:37:47,4.4148,114.0089,75.34,100,40,0.0
432,Suhut,TR,2022-02-02 23:37:47,38.5311,30.5458,36.54,99,100,6.85
433,Virginia Beach,US,2022-02-02 23:34:26,36.8529,-75.978,46.62,94,100,3.44
434,Walvis Bay,NA,2022-02-02 23:37:48,-22.9575,14.5053,68.09,77,3,8.93
435,Iquitos,PE,2022-02-02 23:37:49,-3.7481,-73.2472,80.64,83,75,2.3
436,Cha Grande,BR,2022-02-02 23:37:49,-8.2383,-35.4617,77.18,86,25,5.59
437,Araouane,ML,2022-02-02 23:37:49,18.9048,-3.5265,63.5,14,65,11.48
438,Biryusinsk,RU,2022-02-02 23:37:50,55.9634,97.8235,-4.32,99,100,1.92
439,Buala,SB,2022-02-02 23:37:50,-8.145,159.5921,81.36,82,100,9.6
440,Penzance,GB,2022-02-02 23:35:18,50.1186,-5.5371,47.08,82,100,11.52
441,Roblin,CA,2022-02-02 23:37:51,51.23,-101.3565,-30.33,100,21,4.74
442,Cairns,AU,2022-02-02 23:37:51,-16.9167,145.7667,88.11,73,100,1.14
443,Kolobovo,RU,2022-02-02 23:37:52,56.702,41.3417,15.89,97,100,3.91
444,Clyde River,CA,2022-02-02 23:37:52,70.4692,-68.5914,-16.37,76,100,11.5
445,Broken Hill,AU,2022-02-02 23:37:53,-31.95,141.4333,62.31,48,0,23.02
446,Grindavik,IS,2022-02-02 23:37:53,63.8424,-22.4338,25.27,93,40,3.44
447,Kaohsiung,TW,2022-02-02 23:37:54,22.6163,120.3133,64.35,91,75,1.99
448,Katherine,AU,2022-02-02 23:37:54,-14.4667,132.2667,80.92,83,76,8.05
449,Salekhard,RU,2022-02-02 23:37:54,66.53,66.6019,0.37,98,100,4.54
450,Daru,PG,2022-02-02 23:37:55,-9.0763,143.2092,82.24,64,98,5.7
451,Capitao Poco,BR,2022-02-02 23:37:55,-1.7464,-47.0594,73.17,96,95,4.05
452,Kanchanaburi,TH,2022-02-02 23:37:56,14.6333,99.1,70.09,79,10,1.88
453,Yar-Sale,RU,2022-02-02 23:37:56,66.8333,70.8333,2.08,97,100,12.8
454,Ormara,PK,2022-02-02 23:37:57,25.2088,64.6357,66.02,31,0,30.91
455,Northam,GB,2022-02-02 23:37:57,51.0333,-4.2167,47.82,91,100,10.74
456,Ures,MX,2022-02-02 23:37:57,29.4333,-110.4,68.13,35,49,19.3
457,High Level,CA,2022-02-02 23:38:08,58.5169,-117.136,-11.09,77,40,2.3
458,Tual,ID,2022-02-02 23:38:08,-5.6667,132.75,83.07,73,100,8.75
459,Kisangani,CD,2022-02-02 23:38:09,0.5167,25.2,73.89,68,100,2.48
460,Topolevo,RU,2022-02-02 23:38:09,48.4994,135.1975,-14.62,76,0,4.47
461,Illapel,CL,2022-02-02 23:38:10,-31.6308,-71.1653,68.97,64,0,5.19
462,Takhtamygda,RU,2022-02-02 23:38:10,54.1,123.5667,-16.85,94,46,3.44
463,Meadow Lake,US,2022-02-02 23:37:45,34.8014,-106.5436,28.83,85,100,10.87
464,Fort Nelson,CA,2022-02-02 23:38:11,58.8053,-122.7002,-6.21,77,100,8.05
465,Tumaco,CO,2022-02-02 23:38:11,1.7986,-78.8156,76.96,84,31,4.72
466,Arandis,NA,2022-02-02 23:38:11,-22.4167,14.9667,61.47,71,3,4.92
467,Sorong,ID,2022-02-02 23:38:12,-0.8833,131.25,79.27,81,100,4.56
468,Loa Janan,ID,2022-02-02 23:38:12,-0.583,117.095,75.83,91,100,2.17
469,Santa Marta,CO,2022-02-02 23:38:13,11.2408,-74.199,86.05,60,20,13.0
470,Brasileia,BR,2022-02-02 23:38:13,-11.0161,-68.7481,74.21,98,69,2.55
471,Lahij,YE,2022-02-02 23:38:14,13.1667,44.5833,71.49,83,100,6.87
472,Bambanglipuro,ID,2022-02-02 23:38:14,-7.95,110.2833,60.6,80,100,3.6
473,Mahon,ES,2022-02-02 23:38:15,39.8885,4.2658,46.96,93,0,4.61
474,Savinskiy,RU,2022-02-02 23:38:15,62.9342,40.1361,8.83,98,100,2.1
475,College,US,2022-02-02 23:38:15,64.8569,-147.8028,-6.14,74,20,0.0
476,Thompson,CA,2022-02-02 23:38:16,55.7435,-97.8558,-9.24,64,20,18.41
477,Mayya,RU,2022-02-02 23:38:16,61.7333,130.2811,-36.69,100,95,1.45
478,Banda Aceh,ID,2022-02-02 23:38:17,5.5577,95.3222,77.0,86,30,9.22
479,Frankenberg,DE,2022-02-02 23:38:17,51.0667,8.8,41.18,95,100,4.34
480,Motril,ES,2022-02-02 23:38:17,36.7507,-3.5179,62.82,44,47,3.36
481,Gold Coast,AU,2022-02-02 23:37:10,-28.0,153.4333,83.37,90,100,3.0
482,San Patricio,US,2022-02-02 23:38:18,28.017,-97.5169,77.09,80,90,8.75
483,Yeppoon,AU,2022-02-02 23:33:58,-23.1333,150.7333,76.78,72,100,6.33
484,De Aar,ZA,2022-02-02 23:38:19,-30.6497,24.0123,67.89,83,72,7.7
485,Bendigo,AU,2022-02-02 23:38:19,-36.7667,144.2833,61.65,54,0,5.99
486,Tautira,PF,2022-02-02 23:38:20,-17.7333,-149.15,87.82,78,17,18.79
487,Nurota,UZ,2022-02-02 23:38:20,40.5614,65.6886,26.69,65,0,2.33
488,Lompoc,US,2022-02-02 23:38:16,34.6391,-120.4579,64.71,19,0,16.11
489,Bonthe,SL,2022-02-02 23:38:21,7.5264,-12.505,77.41,90,42,5.88
490,Awjilah,LY,2022-02-02 23:34:08,29.1081,21.2869,51.67,60,44,19.86
491,Yulara,AU,2022-02-02 23:38:21,-25.2406,130.9889,67.84,52,100,14.97
492,Tall Kayf,TR,2022-02-02 23:38:22,37.0833,41.0667,43.03,70,100,4.92
493,Flinders,AU,2022-02-02 23:36:41,-34.5833,150.8552,70.18,68,73,10.0
494,Erzin,TR,2022-02-02 23:38:22,36.9559,36.2,48.92,76,47,9.91
495,Kudahuvadhoo,MV,2022-02-02 23:38:23,2.6708,72.8944,80.78,73,1,7.43
496,Sisimiut,GL,2022-02-02 23:38:23,66.9395,-53.6735,0.88,76,100,20.54
497,Serramanna,IT,2022-02-02 23:38:24,39.4244,8.9244,52.63,93,0,3.44
498,Ambilobe,MG,2022-02-02 23:38:24,-13.2,49.05,73.17,96,99,1.59
499,Izvoarele Sucevei,RO,2022-02-02 23:38:24,47.75,25.1833,21.42,96,91,4.05
500,Itacare,BR,2022-02-02 23:37:30,-14.2775,-38.9967,82.29,86,9,6.15
501,Verkhnyaya Inta,RU,2022-02-02 23:38:25,65.9811,60.3094,11.53,96,100,4.21
502,Agidel,RU,2022-02-02 23:38:25,55.9077,53.9355,30.4,97,100,15.12
503,Dennery,LC,2022-02-02 23:38:26,13.8996,-60.8879,78.89,83,20,17.27
504,Panaba,MX,2022-02-02 23:38:36,21.2833,-88.2667,79.57,64,41,12.8
505,Bangangte,CM,2022-02-02 23:38:37,5.1409,10.5198,63.09,82,44,5.37
506,Santa Fe,AR,2022-02-02 23:38:37,-31.6333,-60.7,82.9,77,99,5.68
507,Redmond,US,2022-02-02 23:38:38,47.674,-122.1215,44.56,82,100,1.01
508,Barcelos,PT,2022-02-02 23:38:38,41.5388,-8.6151,52.68,80,88,4.59
509,Kemijarvi,FI,2022-02-02 23:38:38,66.7131,27.4306,10.58,96,100,3.44
510,Chandler,US,2022-02-02 23:37:33,33.3062,-111.8412,63.01,12,0,13.8
511,Beihai,CN,2022-02-02 23:38:39,21.4833,109.1,50.23,86,100,18.37
512,Abdanan,IR,2022-02-02 23:38:39,32.9926,47.4198,44.53,46,58,5.99
513,Antofagasta,CL,2022-02-02 23:38:40,-23.65,-70.4,67.28,81,10,8.77
514,Shahr-E Babak,IR,2022-02-02 23:38:41,30.1165,55.1186,38.89,37,0,2.66
515,Tiarei,PF,2022-02-02 23:38:41,-17.5333,-149.3333,87.82,77,9,19.53
516,Carauari,BR,2022-02-02 23:37:48,-4.8828,-66.8958,73.15,98,100,2.15
517,Chanika,TZ,2022-02-02 23:38:42,-5.4167,38.0167,66.56,97,100,3.02
518,Furano,JP,2022-02-02 23:38:42,43.2818,142.4743,13.5,92,100,4.72
519,Alugan,PH,2022-02-02 23:38:42,12.2188,125.4808,79.16,84,85,15.21
520,Qrendi,MT,2022-02-02 23:38:43,35.8347,14.4583,54.1,76,0,11.5
521,Kuytun,RU,2022-02-02 23:38:43,54.3419,101.5036,-19.39,100,94,0.92
522,Bang Saphan,TH,2022-02-02 23:38:44,11.2126,99.5117,76.95,94,14,2.48
523,Raton,US,2022-02-02 23:38:44,36.9034,-104.4391,13.05,72,100,1.99
524,Orlik,RU,2022-02-02 23:38:44,52.5178,99.825,-22.07,97,82,2.3
525,Chaadayevka,RU,2022-02-02 23:38:45,53.1427,45.9122,30.65,99,100,5.61
526,Ngaoundere,CM,2022-02-02 23:38:45,7.3167,13.5833,64.63,23,13,4.23
527,Talkha,EG,2022-02-02 23:38:46,31.0539,31.3779,48.97,47,64,7.27
528,Taseyevo,RU,2022-02-02 23:38:46,57.2169,94.8978,-6.81,100,95,1.45
529,Teya,RU,2022-02-02 23:38:46,60.3778,92.6267,14.0,94,100,5.7
530,Alghero,IT,2022-02-02 23:38:47,40.5589,8.3181,51.98,100,40,2.3
531,Rajshahi,BD,2022-02-02 23:38:47,24.3667,88.6,61.03,54,7,7.11
532,Tiznit,MA,2022-02-02 23:38:48,29.5833,-9.5,65.86,26,56,8.46
533,Pradopolis,BR,2022-02-02 23:35:13,-21.3594,-48.0656,75.38,98,100,3.47
534,Xichang,CN,2022-02-02 23:38:48,27.8964,102.2634,28.96,95,90,2.44
535,Cuenca,EC,2022-02-02 23:38:49,-2.8833,-78.9833,66.33,48,20,11.5
536,Ottumwa,US,2022-02-02 23:38:49,41.02,-92.4113,15.21,68,100,11.01
537,Havelock,US,2022-02-02 23:37:18,34.8791,-76.9013,55.38,82,56,3.0
538,Teknaf,BD,2022-02-02 23:38:50,20.8624,92.3058,59.18,69,0,4.45
539,Carlisle,US,2022-02-02 23:38:51,40.2015,-77.1889,42.84,72,91,5.06
540,La Tuque,CA,2022-02-02 23:38:51,47.4334,-72.7824,32.25,86,100,3.44
541,Semey,KZ,2022-02-02 23:38:52,50.4111,80.2275,-7.96,96,13,5.28
542,Udachnyy,RU,2022-02-02 23:38:52,66.4167,112.4,-33.38,100,45,2.17
543,Dezhou,CN,2022-02-02 23:38:52,37.4486,116.2925,28.71,42,0,4.29
544,Umm Lajj,SA,2022-02-02 23:38:53,25.0213,37.2685,68.86,46,0,7.25
545,Muli,MV,2022-02-02 23:38:53,2.9167,73.5667,81.88,71,11,9.06
546,Marzuq,YE,2022-02-02 23:38:54,14.4,46.4667,61.21,43,96,3.71
547,Suleja,NG,2022-02-02 23:38:54,9.1758,7.1808,68.99,18,7,6.06
548,Grand-Lahou,CI,2022-02-02 23:38:56,5.1367,-5.0242,78.85,85,29,6.49
549,Katangli,RU,2022-02-02 23:38:56,51.7102,143.2326,3.43,93,100,20.78
550,Lugoba,TZ,2022-02-02 23:39:06,-6.45,38.3333,72.14,99,100,3.11
551,Vallenar,CL,2022-02-02 23:39:07,-28.5708,-70.7581,71.13,55,0,4.41
552,Souillac,MU,2022-02-02 23:37:35,-20.5167,57.5167,80.98,89,75,27.63
553,Opunake,NZ,2022-02-02 23:39:07,-39.4556,173.8583,69.62,80,100,16.35
554,Zhiryatino,RU,2022-02-02 23:39:08,53.2228,33.7306,23.32,96,100,8.28
555,Armidale,AU,2022-02-02 23:39:08,-30.5167,151.65,57.81,96,100,5.7
556,Ipu,BR,2022-02-02 23:39:09,-4.3222,-40.7108,77.2,71,64,5.46
557,Santa Marta De Tormes,ES,2022-02-02 23:39:09,40.9506,-5.6272,42.46,93,80,4.61
558,Oktyabrskoye,RU,2022-02-02 23:39:10,43.0645,44.7417,24.94,100,82,6.71
559,Russell,US,2022-02-02 23:39:10,32.3502,-85.1999,69.4,55,75,10.36
560,Sao Joao Da Barra,BR,2022-02-02 23:38:43,-21.6403,-41.0511,74.62,91,100,6.8
561,Altay,CN,2022-02-02 23:39:11,47.8667,88.1167,3.87,72,11,6.85
562,Miyazu,JP,2022-02-02 23:39:11,35.5333,135.1833,36.39,78,100,4.83
563,Kilindoni,TZ,2022-02-02 23:39:12,-7.9139,39.6668,80.73,80,99,11.32
564,Quebrangulo,BR,2022-02-02 23:39:12,-9.3189,-36.4711,73.72,84,34,10.49
565,Lubango,AO,2022-02-02 23:39:13,-14.9172,13.4925,59.5,53,82,5.41
566,Namatanai,PG,2022-02-02 23:39:13,-3.6667,152.4333,80.44,81,100,9.22
567,Nha Trang,VN,2022-02-02 23:39:13,12.25,109.1833,71.6,90,61,5.77
568,Trang,TH,2022-02-02 23:39:14,7.5,99.5,75.15,100,75,1.14
569,Margate,GB,2022-02-02 23:34:27,51.3813,1.3862,47.75,89,100,3.0
570,Umm Kaddadah,SD,2022-02-02 23:39:15,13.6017,26.6876,67.82,21,10,5.03
571,Salalah,OM,2022-02-02 23:38:13,17.0151,54.0924,77.09,22,0,6.91
572,Doha,QA,2022-02-02 23:39:15,25.2867,51.5333,60.78,72,0,9.22
573,Bowen,AU,2022-02-02 23:39:16,-20.0167,148.2333,86.22,70,100,6.4
574,Nuuk,GL,2022-02-02 23:39:16,64.1835,-51.7216,11.01,56,75,9.22
575,Marsh Harbour,BS,2022-02-02 23:36:34,26.5412,-77.0636,71.58,63,9,17.11
